,,,,,,Scoring,,,,,Goals,,,,Assists,,,Shots,,,Ice Time,,Faceoffs,,,,,,,
Rk,Player,Age,Team,Pos,GP,G,A,PTS,+/-,PIM,EVG,PPG,SHG,GWG,EV,PP,SH,SOG,SPCT,TSA,TOI,ATOI,FOW,FOL,FO%,BLK,HIT,TAKE,GIVE,Awards
1,Nathan MacKinnon,29,COL,C,57,21,66,87,19,29,16,5,0,3,45,21,0,227,9.3,421,1313:58:00,23:03,521,538,49.2,47,29,20,85,
2,Leon Draisaitl,29,EDM,C,55,40,43,83,27,20,29,11,0,9,31,12,0,187,21.4,319,1196:14:00,21:45,527,438,54.6,20,14,26,66,
3,Nikita Kucherov,31,TBL,RW,52,25,57,82,12,35,21,4,0,6,29,28,0,179,14,372,1132:45:00,21:47,0,1,0,20,19,19,88,
4,Mitch Marner,27,TOR,RW,54,16,55,71,9,12,10,5,1,5,35,19,1,125,12.8,283,1163:25:00,21:33,4,12,25,25,32,39,75,
5,Connor McDavid,28,EDM,C,49,22,49,71,10,29,14,8,0,3,34,15,0,155,14.2,282,1087:46:00,22:12,269,293,47.9,9,29,20,58,
6,Kyle Connor,28,WPG,LW,56,30,39,69,8,21,19,9,2,6,25,14,0,177,16.9,316,1124:03:00,20:04,1,7,12.5,34,11,23,58,
7,Jack Eichel,28,VEG,C,55,19,50,69,29,6,15,3,1,1,29,20,1,174,10.9,312,1160:15:00,21:06,410,479,46.1,37,19,22,60,
8,David Pastrňák,28,BOS,RW,57,28,40,68,0,30,22,6,0,4,31,9,0,230,12.2,442,1140:53:00,20:01,3,4,42.9,12,37,30,81,
9,Mikko Rantanen,28,2TM,RW,55,26,40,66,13,32,18,8,0,5,29,11,0,156,16.7,327,1220:30:00,22:11,122,108,53,34,31,26,53,
10,Mikko Rantanen,28,COL,RW,49,25,39,64,12,28,17,8,0,5,28,11,0,135,18.5,287,1102:25:00,22:30,121,106,53.3,32,28,22,48,
11,Mikko Rantanen,28,CAR,RW,6,1,1,2,1,4,1,0,0,0,1,0,0,21,4.8,40,118:05:00,19:41,1,2,33.3,2,3,4,5,
12,Jack Hughes,23,NJD,C,57,24,41,65,11,12,18,5,1,7,19,21,1,206,11.7,430,1191:24:00,20:54,229,385,37.3,26,7,21,79,
13,Jesper Bratt,26,NJD,W,57,17,47,64,9,14,12,4,1,1,26,20,1,129,13.2,272,1074:40:00,18:51,0,3,0,29,61,9,41,
14,Martin Nečas,26,2TM,C,57,20,44,64,5,12,12,8,0,7,28,16,0,142,14.1,294,1070:30:00,18:47,48,78,38.1,19,47,18,64,
15,Martin Nečas,26,CAR,C,49,16,39,55,4,10,9,7,0,5,24,15,0,113,14.2,233,886:03:00,18:05,48,78,38.1,16,40,15,52,
16,Martin Nečas,26,COL,C,8,4,5,9,1,2,3,1,0,2,4,1,0,29,13.8,61,184:27:00,23:03,0,0,,3,7,3,12,
17,Cale Makar,26,COL,D,57,22,41,63,18,12,11,9,2,3,24,17,0,175,12.6,430,1471:31:00,25:49:00,0,0,,91,41,46,74,
18,Mark Scheifele,31,WPG,C,56,31,32,63,5,41,22,9,0,8,21,11,0,123,25.2,233,1134:36:00,20:16,402,425,48.6,44,44,17,73,
19,Brandon Hagel,26,TBL,LW,55,26,36,62,24,40,24,0,2,3,25,7,4,159,16.4,310,1169:14:00,21:16,7,15,31.8,42,43,20,72,
20,Sam Reinhart,29,FLA,C,57,31,31,62,12,27,17,9,5,3,19,11,1,149,20.8,281,1157:26:00,20:18,157,231,40.5,49,69,17,47,
21,Travis Konecny,27,PHI,C,57,22,39,61,-3,45,13,8,1,3,31,6,2,128,17.2,268,1180:37:00,20:43,23,46,33.3,29,71,22,56,
22,Clayton Keller,26,UTA,C,55,20,40,60,-7,16,14,6,0,4,22,18,0,147,13.6,307,1060:25:00,19:17,9,20,31,20,8,19,55,
23,Quinn Hughes,25,VAN,D,47,14,45,59,15,27,11,3,0,3,26,19,0,136,10.3,354,1189:20:00,25:18:00,0,0,,44,7,19,58,
24,Lucas Raymond,22,DET,LW,55,21,38,59,-2,16,15,5,1,3,17,21,0,129,16.3,260,1042:05:00,18:57,0,3,0,26,26,19,52,
25,Zach Werenski,27,CBJ,D,55,17,42,59,10,29,12,5,0,4,26,14,2,203,8.4,418,1478:13:00,26:53:00,0,0,,93,13,31,81,
26,Sidney Crosby,37,PIT,C,55,17,41,58,-15,21,11,6,0,5,30,11,0,156,10.9,301,1119:38:00,20:21,702,549,56.1,31,52,19,57,
27,Brayden Point,28,TBL,C,50,31,27,58,5,2,18,13,0,6,17,10,0,129,24,238,985:11:00,19:42,297,291,50.5,27,18,11,23,
28,Artemi Panarin,33,NYR,LW,53,23,34,57,-7,16,15,8,0,1,23,11,0,161,14.3,396,1049:25:00,19:48,0,1,0,8,14,12,68,
29,Matthew Tkachuk,27,FLA,LW,52,22,35,57,-3,54,11,11,0,2,23,12,0,156,14.1,316,948:02:00,18:14,1,4,20,12,84,10,47,
30,Tim Stützle,23,OTT,LW,56,17,39,56,2,28,14,3,0,0,20,19,0,111,15.3,221,1114:05:00,19:54,102,142,41.8,32,86,16,45,
31,Sebastian Aho,27,CAR,F,55,20,35,55,2,36,16,2,2,6,18,15,2,148,13.5,320,1109:40:00,20:11,479,382,55.6,23,43,13,65,
32,Matt Duchene,34,DAL,C,55,22,33,55,12,6,16,6,0,5,22,11,0,101,21.8,198,953:41:00,17:20,281,235,54.5,12,20,16,47,
33,Kirill Marchenko,24,CBJ,RW,53,21,34,55,31,12,19,2,0,2,20,14,0,144,14.6,296,996:04:00,18:48,11,24,31.4,26,39,26,61,
34,William Nylander,28,TOR,C,55,33,22,55,0,14,25,8,0,7,9,13,0,186,17.7,325,1090:11:00,19:49,65,71,47.8,15,8,21,52,
35,Jake Guentzel,30,TBL,C,54,27,27,54,8,16,14,13,0,2,21,6,0,145,18.6,235,1081:23:00,20:02,128,141,47.6,40,19,20,52,
36,Dylan Strome,27,WSH,C,55,16,38,54,11,22,11,5,0,2,21,17,0,99,16.2,177,967:51:00,17:36,487,381,56.1,40,15,16,46,
37,Filip Forsberg,30,NSH,C,54,21,32,53,-13,28,14,7,0,2,21,11,0,195,10.8,418,1013:19:00,18:46,1,8,11.1,33,110,30,80,
38,Aleksander Barkov,29,FLA,C,47,14,38,52,2,12,7,6,1,2,21,14,3,106,13.2,221,953:55:00,20:18,428,293,59.4,44,55,19,28,
39,Kirill Kaprizov,27,MIN,LW,37,23,29,52,19,14,20,3,0,4,20,9,0,128,18,271,829:18:00,22:25,0,2,0,15,12,10,52,
40,Nick Suzuki,25,MTL,C,56,15,37,52,3,6,13,2,0,5,23,14,0,114,13.2,220,1093:51:00,19:32,430,417,50.8,46,44,23,54,
41,Jason Robertson,25,DAL,LW,55,20,31,51,4,10,14,6,0,3,24,7,0,149,13.4,297,981:59:00,17:51,6,11,35.3,31,38,18,58,
42,Gabriel Vilardi,25,WPG,C,56,24,27,51,5,12,13,11,0,5,16,11,0,106,22.6,187,1008:10:00,18:00,68,68,50,40,11,20,30,
43,Dylan Larkin,28,DET,C,55,23,27,50,-1,34,11,12,0,2,20,7,0,178,12.9,347,1102:19:00,20:03,610,481,55.9,17,25,27,57,
44,Connor Bedard,19,CHI,C,55,16,33,49,-22,30,9,7,0,4,17,16,0,130,12.3,273,1105:53:00,20:06,155,284,35.3,29,28,17,53,
45,Cole Caufield,24,MTL,RW,56,26,23,49,-4,14,18,8,0,4,19,4,0,171,15.2,303,1002:08:00,17:54,2,5,28.6,21,43,14,43,
46,Mark Stone,32,VEG,RW,42,14,35,49,18,6,10,4,0,2,17,17,1,83,16.9,146,831:31:00,19:48,3,6,33.3,23,25,27,51,
47,Mikael Granlund,32,2TM,C,56,15,34,49,-4,22,9,5,1,1,24,10,0,131,11.5,247,1154:02:00,20:36,331,354,48.3,40,42,14,61,
48,Mikael Granlund,32,SJS,C,52,15,30,45,-8,20,9,5,1,1,20,10,0,126,11.9,237,1084:31:00,20:51,326,348,48.4,37,37,13,57,
49,Mikael Granlund,32,DAL,C,4,0,4,4,4,2,0,0,0,0,4,0,0,5,0,10,69:31:00,17:23,5,6,45.5,3,5,1,4,
50,Matt Boldy,23,MIN,LW,56,20,28,48,6,35,14,6,0,8,21,7,0,192,10.4,377,1111:22:00,19:51,44,51,46.3,40,28,33,50,
51,Nikolaj Ehlers,28,WPG,LW,47,17,31,48,12,6,13,4,0,3,17,14,0,119,14.3,230,740:45:00,15:46,2,8,20,21,27,11,37,
52,Rickard Rakell,31,PIT,RW,56,25,23,48,-14,10,20,5,0,1,16,7,0,146,17.1,281,1074:37:00,19:11,11,11,50,66,93,14,52,
53,Shea Theodore,29,VEG,D,55,7,41,48,10,20,5,2,0,2,24,17,0,111,6.3,282,1212:25:00,22:03,0,0,,69,5,27,86,
54,Tage Thompson,27,BUF,C,48,26,22,48,4,15,22,4,0,1,15,7,0,148,17.6,318,898:23:00,18:43,202,283,41.6,23,43,15,27,
55,Wyatt Johnston,21,DAL,C,55,16,31,47,12,12,11,3,2,2,21,10,0,148,10.8,284,1057:33:00,19:14,308,311,49.8,27,32,22,35,
56,Marco Rossi,23,MIN,C,56,19,28,47,15,20,14,5,0,1,23,5,0,98,19.4,188,1018:34:00,18:11,320,351,47.7,26,36,13,37,
57,Alex DeBrincat,27,DET,RW,55,24,22,46,-11,12,15,9,0,4,10,12,0,152,15.8,278,963:04:00,17:31,23,22,51.1,22,17,22,43,
58,Adrian Kempe,28,LAK,LW,53,25,21,46,14,22,20,4,1,3,16,5,0,163,15.3,330,1031:08:00,19:27,7,9,43.8,25,62,9,48,
59,Josh Morrissey,29,WPG,D,56,7,39,46,8,22,6,1,0,1,22,17,0,114,6.1,278,1339:09:00,23:55,0,0,,84,33,24,55,
60,Aliaksei Protas,24,WSH,C,55,22,24,46,29,16,21,0,1,5,22,1,1,99,22.2,182,909:28:00,16:32,6,15,28.6,28,13,17,43,
61,Drake Batherson,26,OTT,C,56,16,29,45,-8,14,7,9,0,2,15,14,0,124,12.9,235,1034:29:00,18:28,9,10,47.4,20,83,17,40,
62,Seth Jarvis,22,CAR,C,49,22,23,45,5,12,13,6,3,1,14,7,2,129,17.1,249,949:09:00,19:22,39,72,35.1,36,72,20,45,
63,Anže Kopitar,37,LAK,C,53,13,32,45,11,2,10,3,0,5,21,10,1,71,18.3,141,1024:23:00,19:20,592,459,56.3,40,17,22,43,
64,Auston Matthews,27,TOR,C,40,20,25,45,1,20,14,5,1,1,16,9,0,161,12.4,297,820:45:00,20:31,430,326,56.9,54,23,17,39,
65,John Tavares,34,TOR,C,48,21,24,45,5,28,13,8,0,6,22,2,0,131,16,219,878:50:00,18:19,475,355,57.2,29,59,15,45,
66,Evan Bouchard,25,EDM,D,55,9,35,44,21,22,9,0,0,1,19,16,0,163,5.5,381,1299:19:00,23:37,0,0,,81,20,32,91,
67,Pierre-Luc Dubois,26,WSH,LW,55,13,31,44,19,38,11,2,0,3,25,6,0,93,14,198,943:29:00,17:09,401,404,49.8,43,45,6,39,
68,Adam Fox,26,NYR,D,55,4,40,44,6,26,2,1,1,1,24,15,1,97,4.1,249,1289:52:00,23:27,0,0,,76,33,30,56,
69,Victor Hedman,34,TBL,D,53,8,36,44,7,24,7,1,0,1,19,17,0,125,6.4,316,1247:01:00,23:32,0,0,,92,28,19,80,
70,Jordan Kyrou,26,STL,C,56,23,21,44,10,10,17,6,0,4,15,6,0,159,14.5,323,1008:14:00,18:00,4,9,30.8,25,31,16,59,
71,Brad Marchand,36,BOS,LW,57,20,24,44,-7,60,16,4,0,5,16,7,1,161,12.4,317,1057:33:00,18:33,4,7,36.4,25,64,16,60,
72,Jonathan Marchessault,34,NSH,C,54,17,27,44,-14,31,13,4,0,2,14,13,0,162,10.5,285,984:11:00,18:14,13,38,25.5,15,64,6,61,
73,Brady Tkachuk,25,OTT,LW,56,21,23,44,-2,101,10,11,0,4,16,7,0,234,9,403,1042:17:00,18:37,139,138,50.2,30,188,15,39,
74,Logan Cooley,20,UTA,C,50,15,28,43,4,24,8,7,0,1,19,9,0,110,13.6,204,888:53:00,17:47,223,282,44.2,24,36,19,45,
75,Nico Hischier,26,NJD,C,51,24,19,43,11,12,15,9,0,2,9,9,1,141,17,247,1037:41:00,20:21,677,543,55.5,46,29,17,35,
76,Alex Ovechkin,39,WSH,LW,39,26,17,43,18,10,20,6,0,5,11,6,0,141,18.4,272,687:36:00,17:38,0,0,,9,74,11,28,
77,Alex Tuch,28,BUF,RW,54,19,24,43,15,29,16,0,3,2,18,5,1,124,15.3,252,1050:38:00,19:27,54,80,40.3,80,45,32,45,
78,Carter Verhaeghe,29,FLA,C,57,15,28,43,-13,32,10,5,0,4,17,11,0,177,8.5,352,1028:40:00,18:03,10,21,32.3,20,72,18,61,
79,Anthony Cirelli,27,TBL,C,53,20,22,42,18,18,13,3,4,1,18,2,2,109,18.3,195,1004:25:00,18:57,441,431,50.6,51,19,14,41,
80,Rasmus Dahlin,24,BUF,D,46,7,35,42,5,30,4,3,0,1,23,11,1,118,5.9,274,1121:11:00,24:22:00,0,0,,68,57,24,66,
81,Tomáš Hertl,31,VEG,C,56,21,21,42,-12,18,11,10,0,3,13,8,0,140,15,248,963:24:00,17:12,396,308,56.3,48,75,22,35,
82,Jared McCann,28,SEA,C,57,14,28,42,7,14,12,2,0,1,19,8,1,128,10.9,298,995:18:00,17:28,31,36,46.3,33,31,23,47,
83,Bryan Rust,32,PIT,RW,48,20,22,42,-21,14,17,3,0,4,15,7,0,122,16.4,217,937:53:00,19:32,8,4,66.7,42,44,13,39,
84,Tom Wilson,30,WSH,RW,55,24,18,42,13,50,13,10,1,3,13,4,1,125,19.2,252,1037:05:00,18:51,4,12,25,51,156,13,53,
85,Dylan Guenther,21,UTA,RW,44,20,21,41,5,18,12,8,0,5,11,10,0,121,16.5,277,730:44:00,16:36,7,9,43.8,26,28,13,27,
86,Jonathan Huberdeau,31,CGY,LW,55,21,20,41,-7,26,12,7,2,5,12,7,1,103,20.4,178,1048:04:00,19:03,7,17,29.2,45,34,17,63,
87,Lane Hutson,20,MTL,D,56,3,38,41,-20,32,3,0,0,0,21,17,0,65,4.6,207,1260:35:00,22:31,0,0,,82,31,38,73,
88,Anders Lee,34,NYI,LW,55,23,18,41,15,20,19,4,0,2,16,2,0,160,14.4,264,955:02:00,17:22,5,10,33.3,26,84,8,46,
89,Connor McMichael,24,WSH,C,55,19,22,41,15,22,15,4,0,4,15,6,1,119,16,219,949:14:00,17:16,25,32,43.9,24,28,16,47,
90,Sean Monahan,30,CBJ,C,41,14,27,41,17,14,10,4,0,2,20,5,2,106,13.2,179,797:18:00,19:27,456,430,51.5,24,18,8,41,
91,JJ Peterka,23,BUF,RW,52,15,26,41,-5,10,12,3,0,3,19,7,0,115,13,261,932:28:00,17:56,2,4,33.3,7,22,12,53,
92,Nick Schmaltz,28,UTA,C,56,11,30,41,-12,8,6,5,0,1,19,11,0,119,9.2,243,1063:09:00,18:59,111,119,48.3,31,9,22,67,
93,Robert Thomas,25,STL,C,44,13,28,41,2,18,11,1,1,2,22,6,0,104,12.5,203,880:25:00,20:01,482,377,56.1,34,7,13,64,
94,Jason Zucker,33,BUF,LW,52,18,23,41,2,53,9,9,0,3,17,6,0,94,19.1,191,841:10:00,16:11,28,44,38.9,17,48,16,52,
95,Macklin Celebrini,18,SJS,F,45,17,23,40,-20,20,11,6,0,4,16,7,0,150,11.3,293,886:32:00,19:42,318,331,49,32,21,16,70,
96,William Eklund,22,SJS,LW,52,11,29,40,-5,8,6,5,0,1,20,7,2,97,11.3,216,1019:42:00,19:37,9,19,32.1,33,32,12,60,
97,Dylan Holloway,23,STL,C,56,16,24,40,8,10,13,3,0,4,18,6,0,128,12.5,246,926:41:00,16:33,59,78,43.1,36,124,25,55,
98,Bo Horvat,29,NYI,C,54,19,21,40,10,6,15,3,1,5,19,2,0,158,12,293,1080:07:00,20:00,501,329,60.4,26,72,12,59,
99,Nazem Kadri,34,CGY,C,55,19,21,40,-15,57,16,3,0,2,10,11,0,183,10.4,349,1043:49:00,18:59,469,526,47.1,22,36,21,45,
100,Chandler Stephenson,30,SEA,C,56,10,30,40,-8,22,8,1,1,1,14,16,0,57,17.5,105,1099:01:00,19:38,555,516,51.8,33,24,21,39,
101,Andrei Svechnikov,24,CAR,RW,55,17,23,40,-5,38,8,9,0,2,16,7,0,151,11.3,310,963:12:00,17:31,1,3,25,14,108,14,79,
102,Teuvo Teräväinen,30,CHI,F,55,12,28,40,-15,6,7,5,0,0,15,12,1,84,14.3,149,920:07:00,16:44,23,32,41.8,23,14,11,47,
103,Troy Terry,27,ANA,C,49,16,23,39,1,14,12,4,0,3,18,5,0,119,13.4,240,928:28:00,18:57,7,17,29.2,19,5,17,44,
104,J.T. Miller,31,2TM,C,45,11,28,39,-4,37,8,3,0,2,14,14,0,93,11.8,171,808:19:00,17:58,439,315,58.2,32,108,12,44,
105,J.T. Miller,31,VAN,C,40,9,26,35,-4,37,7,2,0,2,14,12,0,82,11,151,718:07:00,17:57,409,289,58.6,28,92,11,36,
106,J.T. Miller,31,NYR,C,5,2,2,4,0,0,1,1,0,0,0,2,0,11,18.2,20,90:12:00,18:02,30,26,53.6,4,16,1,8,
107,Erik Karlsson,34,PIT,D,57,6,32,38,-14,18,5,1,0,0,22,10,0,143,4.2,377,1315:17:00,23:05,0,0,,73,19,28,91,
108,Timo Meier,28,NJD,RW,56,15,23,38,12,52,12,3,0,2,18,5,0,159,9.4,353,976:05:00,17:26,6,12,33.3,45,91,14,47,
109,Ryan Donato,28,CHI,C,53,19,18,37,-3,30,17,2,0,2,12,6,0,124,15.3,230,797:14:00,15:03,154,181,46,6,89,15,22,
110,Claude Giroux,37,OTT,C,56,11,26,37,0,16,9,2,0,2,16,9,1,104,10.6,168,1051:34:00,18:47,431,280,60.6,27,47,14,51,
111,Roman Josi,34,NSH,D,50,9,28,37,-25,18,7,2,0,1,13,15,0,145,6.2,349,1258:10:00,25:10:00,0,0,,87,41,23,73,
112,Kyle Palmieri,33,NYI,RW,55,16,21,37,-6,14,14,2,0,1,16,4,1,100,16,217,1004:00:00,18:15,10,15,40,25,36,15,28,
113,Vincent Trocheck,31,NYR,C,55,17,20,37,-3,38,12,4,1,3,14,6,0,142,12,258,1172:18:00,21:19,642,418,60.6,58,157,27,61,
114,Mika Zibanejad,31,NYR,C,55,11,26,37,-24,18,7,4,0,0,13,11,2,125,8.8,253,1010:07:00,18:22,414,366,53.1,36,19,21,53,
115,Jamie Benn,35,DAL,LW,55,14,22,36,4,60,13,1,0,4,16,6,0,103,13.6,188,867:47:00,15:47,215,166,56.4,34,80,8,37,
116,Pavel Dorofeyev,24,VEG,LW,56,23,13,36,-7,16,13,10,0,4,10,3,0,165,13.9,274,920:12:00,16:26,3,11,21.4,29,15,14,34,
117,Dougie Hamilton,31,NJD,D,57,8,28,36,8,28,3,5,0,3,19,9,0,161,5,368,1136:13:00,19:56,0,0,,76,64,20,84,
118,Roope Hintz,28,DAL,LW,51,22,14,36,7,16,16,5,1,5,10,3,1,116,19,204,862:58:00,16:55,275,227,54.8,31,32,13,53,
119,Kent Johnson,22,CBJ,C,42,17,19,36,-4,10,14,2,1,2,10,8,1,81,21,153,737:19:00,17:33,0,4,0,16,1,15,43,
120,Matthew Knies,22,TOR,LW,51,21,15,36,1,22,18,3,0,2,9,5,1,89,23.6,161,940:20:00,18:26,0,1,0,24,116,9,30,
121,Anton Lundell,23,FLA,C,56,13,23,36,10,24,9,2,2,1,19,4,0,114,11.4,217,938:35:00,16:46,389,365,51.6,42,89,21,40,
122,Matvei Michkov,20,PHI,RW,55,16,20,36,-15,38,10,6,0,3,12,8,0,115,13.9,218,882:39:00,16:03,18,20,47.4,16,20,11,51,
123,Neal Pionk,29,WPG,D,56,8,28,36,14,36,4,4,0,2,20,7,1,94,8.5,237,1243:20:00,22:12,0,0,,87,92,26,61,
124,Jaden Schwartz,32,SEA,C,57,18,18,36,-1,20,15,3,0,5,15,3,0,130,13.8,246,1036:04:00,18:11,17,22,43.6,31,35,32,38,
125,Mikhail Sergachev,26,UTA,D,51,10,26,36,-13,20,7,3,0,3,14,12,0,88,11.4,244,1313:09:00,25:45:00,0,0,,95,27,22,83,
126,Tyler Toffoli,32,SJS,C,54,20,16,36,-19,10,16,4,0,1,8,8,0,156,12.8,273,900:23:00,16:40,8,8,50,22,34,16,39,
127,Mats Zuccarello,37,MIN,LW,43,12,24,36,3,14,10,2,0,3,16,8,0,93,12.9,177,836:28:00,19:27,12,12,50,30,17,14,39,
128,Sam Bennett,28,FLA,C,55,18,17,35,-12,62,15,3,0,2,14,3,0,178,10.1,310,940:00:00,17:05,359,404,47.1,36,119,19,28,
129,Oliver Bjorkstrand,29,SEA,RW,56,15,20,35,2,14,11,4,0,1,17,3,0,115,13,223,868:50:00,15:31,2,4,33.3,13,53,18,47,
130,Brock Boeser,27,VAN,RW,48,18,17,35,-15,16,11,7,0,2,10,7,0,99,18.2,209,850:58:00,17:44,7,23,23.3,19,47,14,26,
131,John Carlson,35,WSH,D,55,4,31,35,20,18,3,1,0,0,21,10,0,117,3.4,283,1311:54:00,23:51,0,0,,93,39,20,83,
132,Jakob Chychrun,26,WSH,D,50,14,21,35,21,32,10,4,0,4,13,8,0,115,12.2,294,1049:55:00,0.875,0,0,,58,35,22,58,
133,Kevin Fiala,28,LAK,LW,52,21,14,35,-8,32,15,6,0,4,7,7,0,156,13.5,322,963:41:00,18:32,12,15,44.4,19,34,20,55,
134,Brock Nelson,33,NYI,C,55,17,18,35,1,12,14,1,2,5,17,1,0,147,11.6,261,1054:35:00,19:10,447,393,53.2,32,21,25,29,
135,Ryan Nugent-Hopkins,31,EDM,C,54,15,20,35,5,18,9,6,0,4,11,9,0,108,13.9,203,1028:19:00,19:03,154,153,50.2,33,16,20,35,
136,Jake Sanderson,22,OTT,D,55,5,30,35,-15,8,2,3,0,1,9,17,4,126,4,270,1342:52:00,24:25:00,0,0,,117,30,42,66,
137,Dmitri Voronkov,24,CBJ,LW,47,19,16,35,14,39,12,7,0,1,14,2,0,105,18.1,169,823:12:00,17:31,21,30,41.2,34,39,7,37,
138,Ivan Barbashev,29,VEG,C,46,15,19,34,14,6,14,1,0,3,19,0,0,76,19.7,150,784:14:00,17:03,7,12,36.8,27,83,15,57,
139,Pavel Buchnevich,29,STL,LW,54,11,23,34,-2,15,10,1,0,0,16,6,1,99,11.1,206,1023:26:00,18:57,79,137,36.6,24,35,10,53,
140,Conor Garland,28,VAN,RW,55,14,20,34,-4,29,9,5,0,2,14,6,0,120,11.7,230,1044:30:00,18:59,4,8,33.3,33,30,16,46,
141,Evgeni Malkin,38,PIT,C,47,9,25,34,-19,24,7,2,0,2,17,8,0,80,11.3,169,848:12:00,18:03,170,231,42.4,36,23,16,50,
142,Ryan O'Reilly,33,NSH,C,51,14,20,34,-18,11,8,6,0,3,14,6,0,96,14.6,171,960:03:00,18:49,478,372,56.2,46,14,19,40,
143,Cole Perfetti,23,WPG,C,56,11,23,34,15,12,6,5,0,2,15,8,0,98,11.2,189,845:36:00,15:06,15,38,28.3,38,49,13,33,
144,Elias Pettersson,26,VAN,C,49,11,23,34,-3,12,6,5,0,1,17,6,0,92,12,190,927:40:00,18:56,330,395,45.5,60,46,21,31,
145,Moritz Seider,23,DET,D,55,5,29,34,0,26,4,1,0,0,14,15,0,110,4.5,250,1388:37:00,25:15:00,0,0,,123,144,22,61,
146,Jake DeBrusk,28,VAN,LW,55,19,14,33,-6,10,11,8,0,3,10,4,0,108,17.6,197,917:29:00,16:41,5,13,27.8,33,79,11,33,
147,Artturi Lehkonen,29,COL,LW,45,23,10,33,24,18,21,1,1,4,8,2,0,100,23,191,955:21:00,21:14,5,8,38.5,27,18,9,32,
148,Steven Stamkos,34,NSH,C,54,17,16,33,-18,34,8,9,0,5,11,5,0,114,14.9,239,968:34:00,17:56,285,271,51.3,27,45,11,35,
149,Pavel Zacha,27,BOS,C,57,12,21,33,4,19,8,2,2,4,17,3,1,103,11.7,187,1093:09:00,19:11,266,239,52.7,17,35,18,42,
150,Fabian Zetterlund,25,SJS,W,57,15,18,33,9,10,12,3,0,0,16,2,0,124,12.1,252,977:32:00,17:09,26,18,59.1,57,102,20,41,
151,Adam Fantilli,20,CBJ,C,56,15,17,32,-5,14,12,2,1,1,15,2,0,123,12.2,259,990:15:00,17:41,291,412,41.4,43,74,18,69,
152,Zach Hyman,32,EDM,LW,50,19,13,32,12,24,13,6,0,6,8,5,0,146,13,254,969:01:00,19:23,1,3,25,19,37,10,33,
153,Alexis Lafrenière,23,NYR,LW,55,14,18,32,-13,24,12,2,0,3,16,2,0,125,11.2,233,971:24:00,17:40,11,17,39.3,19,77,17,35,
154,Casey Mittelstadt,26,COL,C,57,9,23,32,-13,18,8,1,0,2,14,9,0,74,12.2,132,979:09:00,17:11,308,429,41.8,22,22,13,56,
155,Brayden Schenn,33,STL,C,56,11,21,32,-7,48,9,2,0,4,18,3,0,102,10.8,199,985:47:00,17:36,414,413,50.1,33,142,10,36,
156,Matty Beniers,22,SEA,C,57,13,18,31,6,12,10,3,0,1,16,2,0,101,12.9,224,1055:59:00,18:32,404,450,47.3,50,29,20,49,
157,Evgenii Dadonov,35,DAL,RW,55,15,16,31,11,6,11,4,0,2,14,2,0,94,16,171,777:52:00,14:09,0,0,,30,35,8,46,
158,Patrick Kane,36,DET,RW,45,12,19,31,-11,8,5,7,0,5,10,9,0,100,12,202,783:04:00,17:24,2,4,33.3,10,10,10,49,
159,Stefan Noesen,31,NJD,RW,55,18,13,31,-4,44,9,9,0,5,9,4,0,119,15.1,205,871:41:00,15:51,35,36,49.3,17,106,11,46,
160,Joshua Norris,25,OTT,C,50,19,12,31,-6,34,10,6,3,5,6,5,1,92,20.7,170,919:56:00,18:24,370,315,54,43,126,13,29,
161,MacKenzie Weegar,31,CGY,D,55,6,25,31,11,25,3,3,0,0,13,11,1,120,5,297,1299:58:00,23:38,0,1,0,118,145,34,102,
162,Shane Wright,21,SEA,C,54,12,19,31,3,16,6,6,0,2,15,4,0,56,21.4,129,730:31:00,13:32,238,277,46.2,39,41,10,50,
163,Kaapo Kakko,23,2TM,RW,54,9,22,31,7,30,7,2,0,1,20,2,0,80,11.3,158,820:26:00,15:12,42,45,48.3,17,50,13,39,
164,Kaapo Kakko,23,NYR,RW,30,4,10,14,9,14,3,1,0,1,9,1,0,45,8.9,84,398:20:00,13:17,32,32,50,8,23,5,16,
165,Kaapo Kakko,23,SEA,RW,24,5,12,17,-2,16,4,1,0,0,11,1,0,35,14.3,74,422:06:00,17:35,10,13,43.5,9,27,8,23,
166,Matthew Coronato,22,CGY,RW,50,14,16,30,6,19,11,3,0,1,7,9,0,119,11.8,248,855:28:00,17:07,40,48,45.5,22,22,13,35,
167,Simon Holmström,23,NYI,RW,48,14,16,30,6,6,12,1,1,2,13,2,1,57,24.6,137,776:43:00,16:11,0,2,0,34,16,8,31,
168,Alex Laferriere,23,LAK,RW,49,14,16,30,15,14,12,2,0,4,14,2,0,119,11.8,257,818:13:00,16:42,16,27,37.2,21,85,11,27,
169,Nick Paul,29,TBL,LW,49,16,14,30,5,20,14,2,0,3,10,3,1,91,17.6,172,808:33:00,16:30,292,285,50.6,18,49,10,33,
170,Juraj Slafkovsky,20,MTL,LW,53,8,22,30,-10,20,6,2,0,0,17,5,0,71,11.3,168,893:54:00,16:52,5,7,41.7,39,121,9,46,
171,Ryan Strome,31,ANA,C,54,7,23,30,-4,31,7,0,0,2,18,5,0,94,7.4,180,915:50:00,16:58,331,480,40.8,28,33,13,48,
172,Owen Tippett,25,PHI,RW,52,14,16,30,-14,14,14,0,0,1,10,6,0,128,10.9,304,868:37:00,16:42,5,9,35.7,46,75,22,38,
173,Frank Vatrano,30,ANA,LW,53,16,14,30,-3,34,12,3,1,1,12,2,0,172,9.3,298,947:15:00,17:52,10,13,43.5,42,122,8,32,
174,Quinton Byfield,22,LAK,C,53,11,18,29,3,24,10,1,0,2,17,1,0,102,10.8,224,977:23:00,18:26,243,314,43.6,21,45,19,41,
175,Bowen Byram,23,BUF,D,54,7,22,29,9,22,7,0,0,2,20,2,0,66,10.6,140,1250:21:00,23:09,0,0,,79,57,13,49,
176,Blake Coleman,33,CGY,C,55,12,17,29,-6,20,9,3,0,3,14,1,2,133,9,260,973:08:00,17:42,35,28,55.6,45,108,25,54,
177,William Cuylle,22,NYR,LW,55,14,15,29,6,28,12,1,1,2,14,1,0,101,13.9,176,813:39:00,14:48,9,18,33.3,33,204,9,32,
178,Morgan Geekie,26,BOS,C,52,17,12,29,2,20,15,2,0,4,9,3,0,103,16.5,201,831:14:00,15:59,110,131,45.6,20,81,22,32,
179,Shayne Gostisbehere,31,CAR,D,48,6,23,29,-6,20,2,4,0,0,9,14,0,86,7,228,889:16:00,18:32,0,0,,40,36,24,50,
180,Thomas Harley,23,DAL,D,53,9,20,29,26,8,9,0,0,1,15,5,0,112,8,257,1200:46:00,22:39,0,0,,77,24,18,78,
181,Barrett Hayton,24,UTA,C,56,12,17,29,5,25,11,1,0,5,15,2,0,99,12.1,206,879:06:00,15:42,381,316,54.7,29,15,10,26,
182,Elias Lindholm,30,BOS,C,57,10,19,29,-5,12,8,1,1,2,8,9,2,93,10.8,195,1034:24:00,18:09,522,443,54.1,59,88,16,31,
183,Mason Marchment,29,DAL,F,37,14,15,29,11,37,13,1,0,3,10,5,0,86,16.3,162,572:42:00,15:29,5,9,35.7,9,47,12,39,
184,Vladislav Namestnikov,32,WPG,C,52,10,19,29,18,32,8,2,0,1,10,8,1,63,15.9,109,775:42:00,14:55,233,276,45.8,33,59,9,25,
185,Nino Niederreiter,32,WPG,RW,56,14,15,29,16,18,12,2,0,2,9,6,0,110,12.7,189,827:53:00,14:47,16,23,41,31,104,11,39,
186,Colton Parayko,31,STL,D,55,12,17,29,3,8,10,1,1,3,16,0,1,107,11.2,213,1332:17:00,24:13:00,0,0,,127,87,24,74,
187,Owen Power,22,BUF,D,54,6,23,29,-10,12,5,1,0,0,22,1,0,105,5.7,214,1201:01:00,22:14,0,0,,83,21,19,50,
188,Jake Walman,28,SJS,D,44,6,23,29,-1,30,6,0,0,1,16,7,0,112,5.4,265,1009:33:00,22:57,0,0,,88,43,20,55,
189,Tyler Bertuzzi,29,CHI,LW,55,17,11,28,-28,43,9,8,0,0,8,3,0,92,18.5,171,887:06:00,16:08,17,17,50,24,48,15,34,
190,Michael Bunting,29,PIT,LW,55,14,14,28,-16,48,5,9,0,1,8,6,0,102,13.7,218,841:55:00,15:18,4,6,40,13,57,10,37,
191,Phillip Danault,31,LAK,C,52,5,23,28,7,12,5,0,0,1,22,0,1,78,6.4,153,926:55:00,17:50,417,365,53.3,49,56,19,56,
192,Warren Foegele,28,LAK,LW,53,14,14,28,19,12,14,0,0,4,14,0,0,126,11.1,227,847:10:00,15:59,17,17,50,30,48,27,41,
193,Matt Grzelcyk,31,PIT,D,57,1,27,28,-12,8,1,0,0,0,17,10,0,69,1.4,187,1157:32:00,20:18,0,0,,71,23,20,51,
194,Ryan McLeod,25,BUF,C,51,12,16,28,10,10,11,0,1,1,16,0,0,54,22.2,113,812:18:00,15:56,374,347,51.9,23,14,16,40,
195,Jack Roslovic,28,CAR,C,55,19,9,28,-6,4,18,1,0,2,8,1,0,100,19,199,757:44:00,13:47,80,61,56.7,16,8,16,40,
196,Jordan Staal,36,CAR,C,56,10,18,28,11,14,8,0,2,2,18,0,0,79,12.7,145,863:16:00,15:25,556,466,54.4,34,106,7,32,
197,Thomas Chabot,28,OTT,D,55,4,23,27,14,20,4,0,0,1,18,5,0,127,3.1,309,1275:25:00,23:11,0,0,,91,39,26,67,
198,Dylan Cozens,23,BUF,C,54,11,16,27,-18,51,9,2,0,1,14,2,0,121,9.1,216,938:13:00,17:22,402,396,50.4,36,121,12,50,
199,Jake Evans,28,MTL,C,56,11,16,27,2,10,8,0,3,5,13,0,3,56,19.6,122,870:04:00,15:32,393,352,52.8,36,79,8,43,
200,Mason McTavish,22,ANA,C,48,13,14,27,-4,28,10,3,0,0,10,4,0,103,12.6,198,786:59:00,16:24,296,301,49.6,24,47,10,30,
201,Brandon Montour,30,SEA,D,56,10,17,27,-8,37,6,4,0,2,13,4,0,163,6.1,377,1300:01:00,23:13,0,0,,70,61,17,63,
202,Jean-Gabriel Pageau,32,NYI,C,52,10,17,27,7,21,7,2,1,1,14,1,2,88,11.4,157,877:15:00,16:52,345,233,59.7,33,108,16,31,
203,Travis Sanheim,28,PHI,D,57,6,21,27,-6,28,6,0,0,0,17,2,2,102,5.9,220,1400:01:00,24:34:00,0,0,,126,51,36,83,
204,Cole Sillinger,21,CBJ,C,51,9,18,27,-16,33,6,2,1,2,16,1,1,113,8,194,897:25:00,17:36,242,280,46.4,28,58,17,45,
205,Devon Toews,30,COL,D,53,6,21,27,19,16,6,0,0,3,21,0,0,101,5.9,238,1312:52:00,24:46:00,0,0,,71,27,22,57,
206,Morgan Frost,25,2TM,C,54,13,14,27,-13,20,12,1,0,2,8,6,0,98,13.3,176,828:58:00,15:21,344,321,51.7,40,40,22,40,
207,Morgan Frost,25,PHI,C,49,11,14,25,-11,16,10,1,0,2,8,6,0,86,12.8,156,744:15:00,15:11,306,285,51.8,39,35,19,37,
208,Morgan Frost,25,CGY,C,5,2,0,2,-2,4,2,0,0,0,0,0,0,12,16.7,20,84:43:00,16:57,38,36,51.4,1,5,3,3,
209,Aaron Ekblad,28,FLA,D,49,3,23,26,8,43,3,0,0,2,12,9,2,94,3.2,253,1149:04:00,23:27,0,0,,62,79,19,48,
210,Seth Jones,30,CHI,D,38,6,20,26,-12,16,2,4,0,2,10,10,0,74,8.1,174,936:07:00,24:38:00,0,0,,78,55,17,47,
211,Jesperi Kotkaniemi,24,CAR,C,56,11,15,26,7,37,11,0,0,1,14,1,0,84,13.1,154,781:51:00,13:58,257,252,50.5,22,51,15,47,
212,Scott Laughton,30,PHI,C,54,11,15,26,-12,21,10,0,1,1,14,0,1,95,11.6,175,798:31:00,14:47,143,151,48.6,31,113,14,42,
213,Adam Lowry,31,WPG,LW,48,11,15,26,17,14,11,0,0,4,13,0,2,66,16.7,132,739:14:00,15:24,413,384,51.8,41,88,16,29,
214,Jordan Martinook,32,CAR,LW,56,10,16,26,15,10,10,0,0,2,15,0,1,83,12,180,864:15:00,15:26,28,29,49.1,37,67,13,37,
215,Morgan Rielly,30,TOR,D,55,6,20,26,-15,19,5,1,0,2,10,9,1,93,6.5,215,1182:19:00,21:30,0,0,,76,19,10,67,
216,Reilly Smith,33,NYR,RW,54,10,16,26,1,18,7,1,2,2,14,2,0,84,11.9,144,844:31:00,15:38,1,1,50,32,39,19,47,
217,Eeli Tolvanen,25,SEA,RW,57,16,10,26,2,12,15,1,0,2,7,3,0,95,16.8,193,784:51:00,13:46,3,4,42.9,45,175,9,32,
218,Brandt Clarke,21,LAK,D,51,4,21,25,7,36,2,2,0,0,16,5,0,97,4.1,190,854:55:00,16:46,0,0,,92,15,20,45,
219,Sean Couturier,32,PHI,C,54,8,17,25,-2,29,8,0,0,1,16,1,0,93,8.6,163,907:28:00,16:48,463,360,56.3,34,36,16,53,
220,Vince Dunn,28,SEA,D,37,10,15,25,-7,23,8,2,0,3,9,6,0,87,11.5,185,819:12:00,22:08,0,0,,41,22,14,51,
221,Tyson Foerster,23,PHI,RW,56,15,10,25,-7,39,11,4,0,1,9,1,0,85,17.6,174,895:30:00,15:59,0,1,0,31,37,10,23,
222,Nick Foligno,37,CHI,LW,54,11,14,25,-12,37,9,2,0,1,12,2,0,71,15.5,119,887:03:00,16:26,231,226,50.5,27,135,10,30,
223,Miro Heiskanen,25,DAL,D,50,5,20,25,7,10,5,0,0,0,13,7,0,108,4.6,287,1258:01:00,25:10:00,0,0,,85,17,28,67,
224,Mike Matheson,30,MTL,D,54,4,21,25,-9,43,3,1,0,0,12,9,0,104,3.8,261,1330:09:00,24:38:00,0,0,,103,41,37,70,
225,Bobby McMann,28,TOR,F,47,17,8,25,7,14,14,3,0,4,6,2,0,119,14.3,196,697:13:00,14:50,4,14,22.2,14,74,15,20,
226,Dawson Mercer,23,NJD,C,57,13,12,25,8,12,10,2,1,2,11,1,0,97,13.4,190,1012:59:00,17:46,44,57,43.6,36,29,15,40,
227,Jake Neighbours,22,STL,LW,56,13,12,25,-9,37,8,5,0,1,8,4,0,94,13.8,146,897:51:00,16:02,5,13,27.8,38,127,7,36,
228,Alex Pietrangelo,35,VEG,D,53,3,22,25,10,10,3,0,0,1,20,0,2,99,3,230,1197:32:00,22:36,0,0,,100,34,21,81,
229,Ivan Provorov,28,CBJ,D,56,6,19,25,5,14,4,1,1,0,15,2,2,67,9,181,1324:59:00,23:40,0,0,,88,16,21,74,
230,Eric Robinson,29,CAR,LW,56,12,13,25,11,8,12,0,0,1,13,0,0,79,15.2,146,681:43:00,12:10,6,22,21.4,9,78,6,27,
231,Evan Rodrigues,31,FLA,C,57,13,12,25,-1,30,10,3,0,1,10,2,0,107,12.1,217,871:38:00,15:18,64,76,45.7,18,89,15,41,
232,Logan Stankoven,21,DAL,C,53,7,18,25,-2,4,6,1,0,3,13,5,0,142,4.9,243,811:30:00,15:19,73,83,46.8,23,39,13,38,
233,Pius Suter,28,VAN,F,54,14,11,25,3,10,11,2,1,3,10,1,0,83,16.9,155,889:44:00,16:29,204,277,42.4,23,30,15,25,
234,Maxim Tsyplakov,26,NYI,F,51,7,18,25,9,33,7,0,0,1,16,2,0,70,10,170,815:12:00,15:59,9,8,52.9,26,108,17,59,
235,James van Riemsdyk,35,CBJ,LW,49,11,14,25,-5,12,10,1,0,1,13,1,0,60,18.3,101,615:02:00,12:33,3,13,18.8,11,20,4,28,
236,Taylor Hall,33,2TM,LW,52,9,16,25,-13,20,8,1,0,1,14,2,0,93,9.7,192,778:02:00,14:58,34,43,44.2,34,28,27,42,
237,Taylor Hall,33,CHI,LW,46,9,15,24,-15,16,8,1,0,1,13,2,0,82,11,169,689:26:00,14:59,32,40,44.4,29,23,25,40,
238,Taylor Hall,33,CAR,LW,6,0,1,1,2,4,0,0,0,0,1,0,0,11,0,23,88:36:00,14:46,2,3,40,5,5,2,2,
239,Joel Armia,31,MTL,RW,56,10,14,24,1,16,7,0,3,1,11,3,0,83,12,185,818:41:00,14:37,2,9,18.2,26,75,15,29,
240,Noah Dobson,25,NYI,D,46,6,18,24,-8,16,6,0,0,0,10,7,1,143,4.2,297,1104:52:00,24:01:00,0,0,,81,42,28,65,
241,Mattias Ekholm,34,EDM,D,54,7,17,24,17,24,4,3,0,1,15,2,0,122,5.7,285,1227:05:00,22:43,0,0,,80,35,23,71,
242,Frédérick Gaudreau,31,MIN,C,56,11,13,24,1,6,8,3,0,1,13,0,0,76,14.5,136,843:25:00,15:04,346,340,50.4,39,29,17,33,
243,Alex Killorn,35,ANA,C,54,11,13,24,4,24,11,0,0,4,10,3,0,85,12.9,196,934:16:00,17:18,7,9,43.8,13,56,7,37,
244,Jackson LaCombe,24,ANA,D,47,9,15,24,2,16,8,1,0,1,11,3,1,98,9.2,180,980:22:00,20:52,0,0,,80,37,26,46,
245,Dmitry Orlov,33,CAR,D,56,4,20,24,19,14,4,0,0,1,19,1,0,87,4.6,231,1106:45:00,19:46,0,0,,42,75,17,68,
246,Bobby Brink,23,PHI,RW,54,7,16,23,-12,14,5,2,0,2,14,2,0,74,9.5,141,758:24:00,14:03,9,20,31,20,71,12,36,
247,Joel Eriksson Ek,28,MIN,C,41,9,14,23,5,18,6,3,0,1,9,5,0,118,7.6,183,806:07:00,19:40,351,403,46.6,31,67,13,28,
248,Brendan Gallagher,32,MTL,RW,56,14,9,23,-13,25,9,5,0,1,8,1,0,104,13.5,213,767:34:00,13:42,0,5,0,23,60,12,41,
249,Noah Hanifin,28,VEG,D,56,6,17,23,-3,14,5,1,0,1,16,1,0,102,5.9,222,1189:07:00,21:14,0,0,,81,33,24,81,
250,Brett Howden,26,VEG,C,55,16,7,23,6,24,15,0,1,3,7,0,0,93,17.2,153,823:46:00,14:59,130,113,53.5,42,96,18,25,
251,Mason Lohrei,24,BOS,D,52,3,20,23,-12,12,3,0,0,0,10,10,0,45,6.7,154,970:52:00,18:40,0,0,,71,12,28,69,
252,Charlie McAvoy,27,BOS,D,50,7,16,23,0,46,4,2,1,2,14,2,0,98,7.1,204,1183:31:00,23:40,0,0,,81,89,26,72,
253,Trevor Moore,29,LAK,LW,44,8,15,23,3,8,7,0,1,1,14,1,0,88,9.1,189,748:55:00,17:01,0,5,0,17,49,19,24,
254,Darren Raddysh,28,TBL,D,47,3,20,23,3,12,2,1,0,0,15,5,0,79,3.8,199,867:12:00,18:27,0,0,,43,31,4,37,
255,William Smith,19,SJS,C,49,8,15,23,-9,10,6,2,0,1,13,2,0,68,11.8,152,720:23:00,14:42,47,88,34.8,11,9,8,43,
256,Alexander Wennberg,30,SJS,C,52,8,15,23,-16,8,5,3,0,2,10,5,0,58,13.8,125,948:06:00,18:14,322,353,47.7,51,25,24,27,
257,Filip Chytil,25,2TM,C,45,12,11,23,3,16,11,1,0,1,8,3,0,99,12.1,195,662:25:00,14:43,212,240,46.9,10,14,12,29,
258,Filip Chytil,25,NYR,C,41,11,9,20,4,14,10,1,0,1,7,2,0,89,12.4,177,587:47:00,14:20,184,219,45.7,9,12,8,25,
259,Filip Chytil,25,VAN,C,4,1,2,3,-1,2,1,0,0,0,1,1,0,10,10,18,74:38:00,18:40,28,21,57.1,1,2,4,4,
260,Mikael Backlund,35,CGY,C,55,10,12,22,2,24,8,1,1,3,7,5,0,132,7.6,262,1056:43:00,19:13,515,568,47.6,33,31,30,49,
261,Noah Cates,25,PHI,LW,53,10,12,22,4,8,9,1,0,1,11,1,0,71,14.1,143,799:17:00,15:05,325,368,46.9,35,56,14,16,
262,Andrew Copp,30,DET,C,55,10,12,22,3,6,9,0,1,2,11,1,0,67,14.9,117,813:00:00,14:47,314,306,50.6,33,8,17,37,
263,Kirby Dach,24,MTL,C,56,10,12,22,-29,38,9,1,0,2,6,6,0,84,11.9,155,879:42:00,15:43,95,139,40.6,36,97,10,39,
264,Jonathan Drouin,29,COL,LW,24,6,16,22,3,2,5,1,0,2,13,3,0,34,17.6,62,468:13:00,19:31,3,11,21.4,5,7,11,22,
265,Oliver Ekman-Larsson,33,TOR,D,54,3,19,22,17,40,2,1,0,1,17,2,0,88,3.4,220,1134:44:00,21:01,0,0,,44,64,19,64,
266,Brock Faber,22,MIN,D,52,6,16,22,10,17,5,1,0,1,9,7,0,70,8.6,180,1295:39:00,24:55:00,0,0,,67,19,17,66,
267,Adam Gaudette,28,OTT,C,55,16,6,22,11,6,13,3,0,3,6,0,0,66,24.2,135,585:36:00,10:39,95,94,50.3,23,44,4,32,
268,Cutter Gauthier,21,ANA,LW,54,9,13,22,0,14,7,2,0,2,9,4,0,113,8,252,771:43:00,14:17,10,24,29.4,32,47,12,62,
269,Luke Hughes,21,NJD,D,48,5,17,22,-2,10,5,0,0,1,11,6,0,73,6.8,203,968:58:00,20:11,0,1,0,37,13,23,52,
270,Michael Kesselring,25,UTA,D,56,6,16,22,8,65,5,1,0,1,14,2,0,105,5.7,250,1055:22:00,18:51,0,0,,49,64,19,74,
271,Keegan Kolesar,27,VEG,RW,56,10,12,22,4,39,10,0,0,2,11,0,1,58,17.2,112,746:43:00,13:20,5,7,41.7,36,164,10,24,
272,Darnell Nurse,29,EDM,D,52,4,18,22,10,40,3,0,1,1,17,1,0,132,3,264,1139:03:00,21:54,0,0,,88,104,13,44,
273,Ondřej Palát,33,NJD,LW,55,12,10,22,0,8,10,2,0,2,9,1,0,72,16.7,142,768:22:00,13:58,4,16,20,44,90,20,38,
274,Shane Pinto,24,OTT,C,46,11,11,22,4,16,8,1,2,5,8,1,2,91,12.1,181,812:08:00,17:39,326,321,50.4,33,41,20,23,
275,Damon Severson,30,CBJ,D,53,6,16,22,3,35,6,0,0,1,16,0,0,79,7.6,165,1068:30:00,20:10,0,0,,88,39,23,67,
276,Yegor Sharangovich,26,CGY,C,48,11,11,22,-6,4,5,5,1,0,9,2,0,94,11.7,213,834:18:00,17:23,124,126,49.6,19,7,11,34,
277,Kiefer Sherwood,29,VAN,RW,51,13,9,22,0,22,12,0,1,3,8,1,0,93,14,175,748:09:00,14:40,16,22,42.1,23,294,18,26,
278,Vladimir Tarasenko,33,DET,RW,53,7,15,22,-8,6,6,1,0,0,9,6,0,93,7.5,195,785:42:00,14:49,0,2,0,22,43,9,34,
279,Connor Zary,23,CGY,C,40,10,12,22,-6,10,9,1,0,2,4,8,0,83,12,163,652:06:00,16:18,81,144,36,20,20,7,27,
280,Rasmus Andersson,28,CGY,D,55,8,13,21,-16,48,5,3,0,1,9,4,0,109,7.3,251,1325:08:00,24:06:00,0,0,,129,21,26,78,
281,Jesper Boqvist,26,FLA,C,54,12,9,21,-2,14,11,0,1,3,9,0,0,60,20,114,700:51:00,12:59,63,93,40.4,18,122,12,22,
282,Connor Brown,31,EDM,RW,55,7,14,21,5,6,6,0,1,2,13,0,1,78,9,141,743:00:00,13:31,13,18,41.9,26,12,22,37,
283,André Burakovsky,29,SEA,LW,54,5,16,21,-6,8,5,0,0,0,13,3,0,81,6.2,159,793:08:00,14:41,2,2,50,20,24,15,20,
284,J.T. Compher,29,DET,LW,49,6,15,21,2,10,3,3,0,2,12,3,0,63,9.5,108,814:05:00,16:37,286,354,44.7,37,13,12,31,
285,Nic Dowd,34,WSH,C,55,11,10,21,14,42,10,0,1,2,10,0,0,61,18,114,855:57:00,15:34,394,421,48.3,59,95,20,31,
286,Simon Edvinsson,21,DET,D,51,5,16,21,11,34,5,0,0,2,15,0,1,51,9.8,143,1061:15:00,20:49,0,0,,91,50,14,64,
287,Ryker Evans,23,SEA,D,50,5,16,21,2,18,4,1,0,0,14,2,0,47,10.6,131,1005:13:00,20:06,0,0,,77,80,7,48,
288,Marcus Foligno,33,MIN,LW,56,10,11,21,11,53,10,0,0,1,11,0,0,62,16.1,108,793:33:00,14:10,3,6,33.3,27,177,16,36,
289,Gustav Forsling,28,FLA,D,57,8,13,21,30,10,7,0,1,1,12,0,1,146,5.5,307,1305:03:00,22:54,0,0,,64,52,26,47,
290,Taylor Raddysh,26,WSH,RW,55,5,16,21,2,12,5,0,0,1,16,0,0,62,8.1,120,682:14:00,12:24,7,15,31.8,22,42,9,34,
291,Brady Skjei,30,NSH,D,54,7,14,21,-8,26,6,1,0,1,10,4,0,107,6.5,217,1154:22:00,21:23,0,0,,56,42,20,67,
292,Mathew Barzal,27,NYI,C,30,6,14,20,10,4,5,1,0,1,11,3,0,78,7.7,171,610:29:00,20:21,22,30,42.3,24,24,10,36,
293,Jackson Blake,21,CAR,RW,56,11,9,20,3,26,8,3,0,5,9,0,0,87,12.6,151,720:59:00,12:52,14,15,48.3,21,15,15,32,
294,Justin Brazeau,26,BOS,F,53,10,10,20,-5,16,6,4,0,2,9,1,0,71,14.1,127,692:22:00,13:04,3,10,23.1,25,81,9,32,
295,Brent Burns,39,CAR,D,56,4,16,20,4,20,4,0,0,0,14,2,0,133,3,328,1195:53:00,21:21,0,0,,78,9,29,79,
296,Charlie Coyle,32,BOS,C,57,13,7,20,-10,16,10,3,0,1,7,0,0,81,16,170,996:56:00,17:29,252,258,49.4,46,82,35,31,
297,Max Domi,29,TOR,LW,47,3,17,20,1,34,3,0,0,1,13,4,0,65,4.6,135,689:18:00,14:40,169,191,46.9,17,16,12,39,
298,Samuel Girard,26,COL,D,54,3,17,20,1,12,3,0,0,2,16,1,0,72,4.2,173,1138:41:00,21:05,0,0,,79,44,16,62,
299,Marco Kasper,20,DET,C,50,9,11,20,-7,20,7,2,0,1,9,2,0,82,11,144,731:02:00,14:37,167,185,47.4,27,90,8,28,
300,Chris Kreider,33,NYR,LW,47,16,4,20,-6,20,8,5,3,6,3,1,0,115,13.9,195,812:19:00,17:17,21,35,37.5,17,60,6,22,
301,Kris Letang,37,PIT,D,50,7,13,20,-16,28,3,3,1,0,8,5,0,112,6.3,244,1176:40:00,23:32,0,0,,59,86,26,54,
302,Gustav Nyquist,35,NSH,RW,53,9,11,20,-19,10,7,1,1,0,11,0,0,68,13.2,159,932:40:00,17:36,11,12,47.8,20,27,13,47,
303,Victor Olofsson,29,VEG,RW,35,11,9,20,10,8,5,6,0,3,9,0,0,65,16.9,134,520:28:00,14:52,1,6,14.3,13,13,8,19,
304,Corey Perry,39,EDM,RW,54,12,8,20,10,27,11,1,0,2,6,2,0,65,18.5,128,627:01:00,11:37,9,8,52.9,17,18,10,30,
305,Vasily Podkolzin,23,EDM,RW,55,6,14,20,8,22,6,0,0,2,14,0,0,82,7.3,137,720:09:00,13:06,11,34,24.4,32,118,14,35,
306,Jack Quinn,23,BUF,RW,47,9,11,20,-17,14,7,2,0,2,4,7,0,85,10.6,185,718:04:00,15:17,1,4,20,17,29,8,32,
307,Tyler Seguin,33,DAL,C,19,9,11,20,14,2,6,3,0,2,11,0,0,43,20.9,88,308:11:00,16:13,87,80,52.1,6,4,4,12,
308,Jeff Skinner,32,EDM,LW,49,10,10,20,-5,8,10,0,0,0,8,2,0,104,9.6,187,612:02:00,12:29,9,10,47.4,18,23,12,27,
309,Jaccob Slavin,30,CAR,D,56,4,16,20,12,8,4,0,0,2,14,0,2,71,5.6,221,1211:31:00,21:38,0,0,,97,16,42,53,
310,Jared Spurgeon,35,MIN,D,41,6,14,20,4,12,5,1,0,3,11,3,0,72,8.3,147,836:24:00,20:24,0,0,,68,32,15,35,
311,Alex Turcotte,23,LAK,C,48,7,13,20,11,14,7,0,0,1,13,0,0,59,11.9,111,596:33:00,12:26,37,56,39.8,21,19,8,32,
312,Alex Vlasic,23,CHI,D,55,2,18,20,-9,8,1,1,0,0,10,8,0,76,2.6,151,1308:03:00,23:47,0,0,,106,43,38,68,
313,Joel Farabee,24,2TM,LW,55,9,11,20,-15,26,9,0,0,0,8,3,0,106,8.5,176,840:55:00,15:17,14,26,35,37,60,15,50,
314,Joel Farabee,24,PHI,LW,50,8,11,19,-12,26,8,0,0,0,8,3,0,99,8.1,161,760:24:00,15:12,11,25,30.6,34,55,15,45,
315,Joel Farabee,24,CGY,LW,5,1,0,1,-3,0,1,0,0,0,0,0,0,7,14.3,15,80:31:00,16:06,3,1,75,3,5,0,5,
316,Leo Carlsson,20,ANA,C,48,9,10,19,-2,8,7,2,0,4,8,2,0,61,14.8,130,764:31:00,15:56,154,229,40.2,19,18,9,30,
317,Paul Cotter,25,NJD,C,57,13,6,19,-7,45,13,0,0,2,6,0,0,69,18.8,156,773:12:00,13:34,31,29,51.7,24,185,12,28,
318,Justin Faulk,32,STL,D,52,2,17,19,-15,16,2,0,0,1,9,8,0,85,2.4,200,1166:06:00,22:26,0,0,,74,60,21,66,
319,Vladislav Gavrikov,29,LAK,D,53,3,16,19,10,12,3,0,0,0,15,0,1,73,4.1,181,1279:31:00,24:09:00,0,0,,108,23,18,41,
320,Alex Iafallo,31,WPG,C,56,8,11,19,13,13,4,4,0,0,7,4,0,76,10.5,129,723:01:00,12:55,7,8,46.7,39,27,20,24,
321,Brett Kulak,31,EDM,D,55,6,13,19,4,8,6,0,0,0,13,0,0,88,6.8,179,1095:01:00,19:55,0,0,,82,20,14,55,
322,Esa Lindell,30,DAL,D,55,4,15,19,22,12,3,1,0,0,15,0,0,70,5.7,154,1209:43:00,0.916666667,0,0,,122,36,26,68,
323,Eetu Luostarinen,26,FLA,C,57,7,12,19,8,20,6,0,1,2,11,0,1,61,11.5,131,873:42:00,15:20,20,27,42.6,42,120,14,32,
324,Andrew Mangiapane,28,WSH,LW,54,11,8,19,6,14,10,0,1,2,7,1,0,65,16.9,119,715:53:00,13:15,4,1,80,20,44,9,39,
325,Ilya Mikheyev,30,CHI,F,53,10,9,19,-2,14,9,0,1,1,9,0,0,82,12.2,135,796:36:00,15:02,1,7,12.5,6,22,13,32,
326,Thomas Novak,27,NSH,C,45,11,8,19,-1,4,11,0,0,1,4,4,0,79,13.9,134,600:41:00,13:21,77,107,41.8,15,5,10,38,
327,Tanner Pearson,32,VEG,LW,53,9,10,19,5,4,8,0,1,1,10,0,0,69,13,131,636:59:00,12:01,6,14,30,32,74,12,30,
328,Nicolas Roy,27,VEG,C,45,7,12,19,-7,37,7,0,0,2,10,2,0,69,10.1,118,690:41:00,15:21,223,251,47,20,42,14,31,
329,Rasmus Sandin,24,WSH,D,55,4,15,19,18,10,3,1,0,0,13,2,0,60,6.7,159,1058:51:00,19:15,0,0,,77,67,17,50,
330,Danton Heinen,29,2TM,C,55,6,13,19,-1,31,5,1,0,0,12,1,0,55,10.9,118,766:11:00,13:56,14,19,42.4,28,57,14,29,
331,Danton Heinen,29,VAN,C,51,6,12,18,-1,31,5,1,0,0,11,1,0,44,13.6,102,711:05:00,13:57,14,19,42.4,25,50,11,26,
332,Danton Heinen,29,PIT,C,4,0,1,1,0,0,0,0,0,0,1,0,0,11,0,16,55:06:00,13:47,0,0,,3,7,3,3,
333,Alexandre Carrier,28,2TM,D,53,3,16,19,-10,18,3,0,0,0,15,0,1,56,5.4,122,1072:11:00,20:14,0,0,,99,52,17,45,
334,Alexandre Carrier,28,NSH,D,28,1,6,7,-14,12,1,0,0,0,5,0,1,23,4.3,57,563:39:00,20:08,0,0,,49,31,13,26,
335,Alexandre Carrier,28,MTL,D,25,2,10,12,4,6,2,0,0,0,10,0,0,33,6.1,65,508:32:00,20:20,0,0,,50,21,4,19,
336,Lars Eller,35,2TM,C,53,10,9,19,2,24,10,0,0,0,8,1,0,68,14.7,137,721:51:00,13:37,260,224,53.7,27,38,10,28,
337,Lars Eller,35,PIT,C,17,4,3,7,-4,10,4,0,0,0,3,0,0,27,14.8,52,279:10:00,16:25,103,81,56,9,17,2,12,
338,Lars Eller,35,WSH,C,36,6,6,12,6,14,6,0,0,0,5,1,0,41,14.6,85,442:41:00,12:18,157,143,52.3,18,21,8,16,
339,Josh Anderson,30,MTL,RW,56,8,10,18,-11,56,7,0,1,0,10,0,0,79,10.1,155,793:03:00,14:10,21,13,61.8,26,121,14,27,
340,Viktor Arvidsson,31,EDM,LW,40,7,11,18,7,14,7,0,0,0,9,2,0,97,7.2,190,592:29:00,14:49,11,22,33.3,12,12,8,40,
341,Anthony Beauvillier,27,PIT,LW,56,12,6,18,3,10,12,0,0,0,5,1,0,102,11.8,184,710:28:00,12:41,4,6,40,23,97,13,19,
342,Zach Benson,19,BUF,LW,48,9,9,18,-2,34,7,2,0,0,8,1,0,71,12.7,141,709:33:00,14:47,3,14,17.6,16,21,9,25,
343,Zachary Bolduc,21,STL,C,46,6,12,18,10,18,5,1,0,0,10,2,0,63,9.5,144,563:59:00,12:16,5,7,41.7,21,59,11,37,
344,Jonas Brodin,31,MIN,D,34,4,14,18,11,8,4,0,0,1,13,0,1,56,7.1,123,777:23:00,22:52,0,0,,69,18,13,39,
345,Ridly Greig,22,OTT,C,53,9,9,18,-13,36,4,3,2,0,5,3,1,72,12.5,144,867:24:00,16:22,82,86,48.8,26,97,12,26,
346,Garnet Hathaway,33,PHI,RW,57,8,10,18,5,46,7,0,1,1,10,0,0,73,11,128,682:47:00,11:59,7,9,43.8,56,205,7,22,
347,Filip Hronek,27,VAN,D,34,3,15,18,10,18,3,0,0,0,11,4,0,45,6.7,139,801:42:00,23:35,0,0,,38,52,10,37,
348,Nick Jensen,34,OTT,D,51,3,15,18,13,4,3,0,0,0,15,0,0,57,5.3,159,1050:27:00,20:36,0,0,,62,43,16,57,
349,William Karlsson,32,VEG,C,38,7,11,18,7,0,6,0,1,3,9,2,0,89,7.9,184,652:57:00,17:11,282,197,58.9,27,15,11,35,
350,Luke Kunin,27,SJS,C,57,11,7,18,-21,40,11,0,0,0,7,0,0,84,13.1,167,862:08:00,15:08,173,189,47.8,57,146,9,26,
351,Patrik Laine,26,MTL,RW,28,12,6,18,-11,8,2,10,0,3,5,1,0,64,18.8,119,414:48:00,14:49,9,7,56.3,21,15,7,18,
352,Matias Maccelli,24,UTA,LW,52,8,10,18,-13,8,8,0,0,0,7,3,0,83,9.6,192,723:38:00,13:55,6,6,50,10,6,11,43,
353,Ryan McDonagh,35,TBL,D,55,2,16,18,31,14,1,0,1,1,15,0,1,54,3.7,128,1134:23:00,20:38,0,0,,105,14,22,75,
354,Jacob Middleton,29,MIN,D,45,7,11,18,16,31,7,0,0,0,11,0,0,65,10.8,138,962:05:00,21:23,0,0,,113,66,16,43,
355,Tyler Myers,34,VAN,D,52,3,15,18,0,60,3,0,0,0,13,1,1,57,5.3,147,1084:00:00,20:51,0,0,,94,58,25,42,
356,Alex Newhook,24,MTL,C,56,10,8,18,-15,18,9,1,0,2,5,3,0,74,13.5,173,854:01:00,15:15,152,204,42.7,20,60,12,26,
357,Mathieu Olivier,27,CBJ,F,56,10,8,18,-9,99,9,0,1,3,7,0,1,68,14.7,123,806:38:00,14:24,10,17,37,65,205,18,33,
358,Marcus Pettersson,28,2TM,D,51,3,15,18,-3,27,3,0,0,1,14,0,1,47,6.4,152,1129:29:00,22:09,0,0,,89,60,23,63,
359,Marcus Pettersson,28,PIT,D,47,3,15,18,-2,25,3,0,0,1,14,0,1,43,7,142,1036:08:00,22:03,0,0,,83,57,23,60,
360,Marcus Pettersson,28,VAN,D,4,0,0,0,-1,2,0,0,0,0,0,0,0,4,0,10,93:21:00,23:20,0,0,,6,3,0,3,
361,Martin Pospisil,25,CGY,C,55,3,15,18,1,74,2,1,0,0,12,3,0,75,4,156,771:20:00,14:01,63,90,41.2,18,191,10,36,
362,Drew O'Connor,26,2TM,F,57,8,10,18,-13,22,6,1,1,2,9,1,0,92,8.7,187,830:40:00,14:34,38,54,41.3,42,55,27,40,
363,Drew O'Connor,26,PIT,F,53,6,10,16,-14,16,4,1,1,1,9,1,0,82,7.3,171,774:53:00,14:37,38,54,41.3,40,51,24,39,
364,Drew O'Connor,26,VAN,F,4,2,0,2,1,6,2,0,0,1,0,0,0,10,20,16,55:47:00,13:57,0,0,,2,4,3,1,
365,Brandon Saad,32,2TM,LW,47,8,10,18,-15,6,8,0,0,0,7,3,0,85,9.4,146,690:21:00,14:41,3,8,27.3,13,10,13,32,
366,Brandon Saad,32,STL,LW,43,7,9,16,-14,6,7,0,0,0,7,2,0,75,9.3,131,627:43:00,14:36,3,6,33.3,11,7,13,28,
367,Brandon Saad,32,VEG,LW,4,1,1,2,-1,0,1,0,0,0,0,1,0,10,10,15,62:38:00,15:40,0,2,0,2,3,0,4,
368,Cam Fowler,33,2TM,D,43,6,12,18,-3,14,4,2,0,0,11,1,0,54,11.1,124,951:23:00,22:08,0,0,,69,5,9,41,
369,Cam Fowler,33,ANA,D,17,0,4,4,-7,6,0,0,0,0,4,0,0,17,0,41,358:03:00,21:04,0,0,,29,2,4,15,
370,Cam Fowler,33,STL,D,26,6,8,14,4,8,4,2,0,0,7,1,0,37,16.2,83,593:20:00,22:49,0,0,,40,3,5,26,
371,Mason Appleton,29,WPG,C,45,7,10,17,7,12,7,0,0,1,10,0,0,71,9.9,117,662:41:00,14:44,8,9,47.1,22,43,12,23,
372,Jonatan Berggren,24,DET,RW,53,9,8,17,-7,12,6,3,0,1,7,1,0,64,14.1,138,693:22:00,13:05,5,6,45.5,10,15,9,20,
373,Teddy Blueger,30,VAN,C,55,5,12,17,-8,23,5,0,0,0,12,0,0,61,8.2,123,794:55:00,14:27,336,334,50.1,30,74,15,33,
374,Philip Broberg,23,STL,D,43,4,13,17,5,10,4,0,0,1,11,2,0,59,6.8,153,864:18:00,20:06,0,0,,54,29,15,58,
375,Christian Dvorak,28,MTL,C,56,6,11,17,-14,10,5,1,0,0,10,1,0,70,8.6,150,829:43:00,14:49,400,299,57.2,50,27,14,42,
376,Ryan Hartman,30,MIN,RW,48,7,10,17,-8,60,6,1,0,0,8,2,0,108,6.5,200,707:37:00,14:45,143,161,47,30,53,12,49,
377,Emil Heineman,23,MTL,LW,41,10,7,17,2,14,7,3,0,0,6,1,0,46,21.7,103,456:59:00,11:09,0,6,0,18,101,6,17,
378,Jack McBain,25,UTA,C,56,11,6,17,1,56,11,0,0,1,6,0,0,59,18.6,129,747:19:00,13:21,93,99,48.4,36,192,13,34,
379,Niko Mikkola,28,FLA,D,52,4,13,17,11,40,4,0,0,0,13,0,0,79,5.1,181,1048:20:00,20:10,0,0,,74,88,8,72,
380,Valeri Nichushkin,29,COL,RW,21,11,6,17,6,4,9,2,0,0,6,0,0,52,21.2,95,412:12:00,19:38,3,3,50,10,18,3,17,
381,Mackie Samoskevich,22,FLA,RW,48,8,9,17,1,8,7,1,0,4,7,2,0,75,10.7,158,561:21:00,11:42,0,0,,16,74,8,29,
382,Jordan Spence,23,LAK,D,52,3,14,17,14,14,3,0,0,0,11,3,0,56,5.4,171,927:54:00,17:51,0,0,,59,53,9,50,
383,Sam Steel,26,DAL,C,53,4,13,17,-2,22,4,0,0,1,13,0,0,65,6.2,125,781:42:00,14:45,140,127,52.4,16,46,9,27,
384,Brandon Tanev,33,SEA,LW,55,9,8,17,-11,8,9,0,0,0,8,0,0,76,11.8,130,774:59:00,14:05,6,18,25,87,114,17,37,
385,Mavrik Bourque,23,DAL,C,49,8,8,16,1,4,7,1,0,1,7,1,0,54,14.8,113,602:21:00,12:18,105,116,47.5,24,28,10,25,
386,Ross Colton,28,COL,C,40,13,3,16,-5,10,9,4,0,3,2,1,0,89,14.6,174,628:27:00,15:43,33,50,39.8,31,90,9,33,
387,Jason Dickinson,29,CHI,C,53,7,9,16,-7,14,7,0,0,0,9,0,0,52,13.5,139,844:53:00,15:56,420,438,49,49,93,13,22,
388,Yanni Gourde,33,SEA,C,35,6,10,16,-5,36,6,0,0,1,10,0,0,38,15.8,83,544:52:00,15:34,183,184,49.9,26,58,11,23,
389,Adam Henrique,34,EDM,C,54,7,9,16,5,12,7,0,0,2,8,1,0,75,9.3,126,778:29:00,14:25,344,282,55,53,37,12,39,
390,Mattias Janmark,32,EDM,C,55,2,14,16,-2,14,2,0,0,0,12,0,2,34,5.9,74,714:03:00,12:59,37,46,44.6,22,19,9,31,
391,Marcus Johansson,34,MIN,C,47,5,11,16,-2,4,5,0,0,1,9,2,0,71,7,138,752:35:00,16:01,3,11,21.4,18,24,10,31,
392,Alexander Kerfoot,30,UTA,C,56,7,9,16,-10,8,6,0,1,0,8,1,0,70,10,123,858:11:00,15:19,190,187,50.4,43,35,22,52,
393,Joel Kiviranta,28,COL,F,57,11,5,16,6,14,11,0,0,2,5,0,0,61,18,117,729:34:00,12:48,17,22,43.6,27,83,13,25,
394,Peyton Krebs,24,BUF,C,53,4,12,16,-5,28,4,0,0,0,12,0,0,51,7.8,138,726:41:00,13:43,211,197,51.7,19,95,5,29,
395,Jiri Kulich,20,BUF,C,40,11,5,16,1,12,11,0,0,3,5,0,0,89,12.4,175,577:38:00,14:26,146,172,45.9,19,26,10,20,
396,Ryan Pulock,30,NYI,D,48,3,13,16,7,10,3,0,0,0,11,1,1,70,4.3,156,1052:14:00,21:55,0,0,,105,58,20,57,
397,Lukas Reichel,22,CHI,LW,48,5,11,16,-7,10,5,0,0,0,10,1,0,54,9.3,88,589:56:00,12:17,109,166,39.6,21,19,10,22,
398,Cody Ceci,31,2TM,D,58,4,12,16,-10,14,4,0,0,2,12,0,0,64,6.3,148,1259:38:00,21:43,0,0,,105,62,16,53,
399,Cody Ceci,31,SJS,D,54,4,11,15,-9,14,4,0,0,2,11,0,0,60,6.7,135,1175:41:00,21:46,0,0,,100,52,16,53,
400,Cody Ceci,31,DAL,D,4,0,1,1,-1,0,0,0,0,0,1,0,0,4,0,13,83:57:00,20:59,0,0,,5,10,0,0,
401,Andrei Kuzmenko,28,2TM,F,38,4,12,16,-8,12,1,3,0,3,9,3,0,40,10,89,567:12:00,14:56,1,0,100,10,8,14,30,
402,Andrei Kuzmenko,28,CGY,F,37,4,11,15,-7,12,1,3,0,3,8,3,0,39,10.3,87,548:19:00,14:49,1,0,100,9,8,14,27,
403,Andrei Kuzmenko,28,PHI,F,1,0,1,1,-1,0,0,0,0,0,1,0,0,1,0,2,18:53,18:53,0,0,,1,0,0,3,
404,Nikolai Kovalenko,25,2TM,RW,45,5,11,16,-8,12,3,2,0,0,10,1,0,40,12.5,82,543:03:00,12:04,0,6,0,19,68,13,27,
405,Nikolai Kovalenko,25,COL,RW,28,4,4,8,-7,10,2,2,0,0,4,0,0,27,14.8,58,336:07:00,12:00,0,5,0,13,34,8,17,
406,Nikolai Kovalenko,25,SJS,RW,17,1,7,8,-1,2,1,0,0,0,6,1,0,13,7.7,24,206:56:00,12:10,0,1,0,6,34,5,10,
407,Nick Bjugstad,32,UTA,C,48,5,10,15,-8,12,4,1,0,0,10,0,0,88,5.7,162,618:26:00,12:53,205,225,47.7,25,82,7,25,
408,Sam Carrick,32,NYR,C,55,5,10,15,3,39,4,0,1,2,9,0,1,52,9.6,99,616:32:00,11:13,259,217,54.4,31,93,13,31,
409,Erik Černák,27,TBL,D,49,2,13,15,20,29,2,0,0,0,11,0,2,45,4.4,122,902:54:00,18:26,0,0,,69,103,10,24,
410,Mitchell Chaffee,27,TBL,F,51,10,5,15,-2,19,7,3,0,2,5,0,0,48,20.8,89,623:53:00,12:14,4,6,40,16,99,9,22,
411,Luke Evangelista,22,NSH,RW,41,5,10,15,-1,16,4,1,0,0,9,1,0,79,6.3,124,529:39:00,12:55,0,1,0,7,15,10,19,
412,Robby Fabbri,29,ANA,C,41,8,7,15,-6,20,8,0,0,0,7,0,0,59,13.6,102,673:18:00,16:25,70,78,47.3,29,51,12,30,
413,Trent Frederic,26,BOS,C,55,8,7,15,-13,44,7,1,0,0,5,2,0,75,10.7,163,770:29:00,14:01,91,119,43.3,29,147,12,32,
414,Brett Leason,25,ANA,RW,45,5,10,15,0,14,4,1,0,0,9,1,0,70,7.1,128,613:33:00,13:38,21,53,28.4,30,51,7,21,
415,Ryan Lindgren,26,NYR,D,50,2,13,15,-1,34,2,0,0,0,11,0,2,37,5.4,133,993:57:00,19:53,0,0,,92,56,9,53,
416,Ryan Poehling,26,PHI,C,43,4,11,15,0,12,4,0,0,0,11,0,0,41,9.8,77,571:35:00,13:18,239,228,51.2,51,17,5,32,
417,Michael Rasmussen,25,DET,C,54,8,7,15,-4,13,7,1,0,0,6,1,0,68,11.8,122,723:22:00,13:24,58,64,47.5,38,94,7,29,
418,Rasmus Ristolainen,30,PHI,D,54,2,13,15,3,12,2,0,0,2,11,2,0,74,2.7,151,1108:20:00,20:31,0,0,,85,83,17,45,
419,Alexander Romanov,25,NYI,D,41,2,13,15,7,18,2,0,0,0,13,0,0,59,3.4,152,937:31:00,22:52,0,0,,108,95,18,57,
420,Matt Roy,29,WSH,D,45,2,13,15,15,12,2,0,0,0,13,0,0,52,3.8,156,884:58:00,19:40,0,0,,74,92,5,61,
421,Trevor van Riemsdyk,33,WSH,D,55,0,15,15,19,12,0,0,0,0,15,0,0,59,0,149,963:06:00,17:31,0,0,,108,7,19,45,
422,Trevor Zegras,23,ANA,C,32,6,9,15,-7,12,5,1,0,1,9,0,0,62,9.7,121,539:40:00,16:52,59,98,37.6,19,25,8,25,
423,Michael Amadio,28,OTT,C,46,5,9,14,3,16,4,1,0,0,9,0,0,53,9.4,105,641:46:00,13:57,37,36,50.7,28,59,13,25,
424,Michael Anderson,25,LAK,D,49,5,9,14,5,18,5,0,0,0,9,0,0,58,8.6,167,1118:50:00,22:50,0,0,,83,68,16,42,
425,Kevin Bahl,24,CGY,D,47,2,12,14,1,29,1,1,0,0,12,0,0,51,3.9,144,1001:09:00,21:18,0,0,,79,67,16,58,
426,Uvis Balinskis,28,FLA,D,54,3,11,14,-1,17,3,0,0,0,7,4,0,66,4.5,140,808:29:00,14:58,0,2,0,39,53,17,29,
427,Yegor Chinakhov,23,CBJ,RW,21,7,7,14,2,2,5,2,0,1,4,3,0,55,12.7,101,357:26:00,17:01,0,0,,10,32,3,12,
428,Kaiden Guhle,23,MTL,D,44,4,10,14,2,27,4,0,0,0,10,0,0,58,6.9,144,934:17:00,21:14,0,0,,100,67,13,32,
429,Kevin Hayes,32,PIT,RW,40,9,5,14,-12,6,5,4,0,1,3,2,0,62,14.5,123,477:45:00,11:57,140,130,51.9,8,32,11,18,
430,Jake McCabe,31,TOR,D,46,1,13,14,14,36,1,0,0,0,13,0,0,55,1.8,129,977:20:00,21:15,0,0,,92,92,5,49,
431,Logan O'Connor,28,COL,RW,57,6,8,14,-8,17,6,0,0,0,7,0,1,70,8.6,126,846:52:00,14:51,25,36,41,31,51,12,21,
432,Adam Pelech,30,NYI,D,35,0,14,14,4,14,0,0,0,0,14,0,0,75,0,165,758:27:00,21:40,0,0,,50,55,19,37,
433,Nicklaus Perbix,26,TBL,D,50,4,10,14,5,16,4,0,0,1,10,0,0,49,8.2,125,770:48:00,15:25,0,0,,48,40,18,48,
434,Colton Sissons,31,NSH,C,53,6,8,14,-12,16,6,0,0,0,7,1,0,59,10.2,112,770:05:00,14:32,258,205,55.7,52,76,17,24,
435,Chris Tanev,35,TOR,D,54,1,13,14,21,16,1,0,0,0,12,0,1,28,3.6,89,1084:28:00,20:05,0,0,,148,11,9,58,
436,Nikita Zadorov,29,BOS,D,57,3,11,14,16,117,3,0,0,0,10,0,1,76,3.9,182,1160:14:00,20:21,0,0,,81,140,20,77,
437,Colin Blackwell,31,DAL,C,48,5,8,13,2,10,4,0,1,0,7,1,0,53,9.4,103,560:17:00,11:40,107,113,48.6,20,70,12,25,
438,Jalen Chatfield,28,CAR,D,56,5,8,13,21,22,5,0,0,1,7,0,1,80,6.3,217,1061:31:00,18:57,0,0,,45,49,22,54,
439,Ian Cole,35,UTA,D,56,1,12,13,-6,49,1,0,0,0,12,0,0,50,2,138,1166:45:00,20:50,0,0,,149,69,21,78,
440,Nick Cousins,31,OTT,C,47,5,8,13,-2,39,5,0,0,0,8,0,0,63,7.9,116,558:58:00,11:54,1,6,14.3,24,80,5,23,
441,Dylan DeMelo,31,WPG,D,56,3,10,13,26,30,3,0,0,2,10,0,0,53,5.7,125,1199:55:00,21:26,0,0,,79,95,23,58,
442,Brandon Duhaime,27,WSH,RW,55,6,7,13,6,47,6,0,0,1,7,0,0,63,9.5,124,753:47:00,13:42,16,18,47.1,43,111,6,21,
443,Brian Dumoulin,33,ANA,D,54,1,12,13,-1,8,1,0,0,0,12,0,0,51,2,119,1070:22:00,19:49,0,0,,85,55,17,37,
444,Dante Fabbro,26,2TM,D,43,4,9,13,11,24,4,0,0,1,9,0,0,53,7.5,129,875:37:00,20:22,0,0,,103,45,15,59,
445,Dante Fabbro,26,NSH,D,6,0,0,0,-3,0,0,0,0,0,0,0,0,7,0,14,78:33:00,13:06,0,0,,7,1,1,12,
446,Dante Fabbro,26,CBJ,D,37,4,9,13,14,24,4,0,0,1,9,0,0,46,8.7,115,797:04:00,21:33,0,0,,96,44,14,47,
447,Martin Fehérváry,25,WSH,D,55,1,12,13,10,21,1,0,0,0,11,0,1,54,1.9,144,1049:38:00,19:05,0,0,,112,99,5,44,
448,Cody Glass,25,PIT,C,44,3,10,13,-10,12,2,1,0,1,9,1,0,63,4.8,125,583:57:00,13:16,155,137,53.1,27,36,9,19,
449,A.J. Greer,28,FLA,LW,57,5,8,13,1,78,4,0,1,2,8,0,0,61,8.2,114,553:22:00,9:42,12,22,35.3,17,157,8,31,
450,Erik Gustafsson,32,DET,D,47,2,11,13,-16,20,1,1,0,0,5,6,0,53,3.8,149,753:57:00,16:02,0,0,,34,19,6,63,
451,Mark Kastelic,25,BOS,C,48,4,9,13,1,86,4,0,0,0,9,0,0,57,7,97,525:59:00,10:57,162,126,56.3,27,184,11,20,
452,Parker Kelly,25,COL,F,57,5,8,13,-8,18,4,0,1,0,7,0,1,65,7.7,149,747:02:00,13:06,261,355,42.4,48,110,14,30,
453,Johnathan Kovacevic,27,NJD,D,57,1,12,13,12,45,1,0,0,1,12,0,0,53,1.9,153,1119:30:00,19:38,0,0,,73,69,24,68,
454,Zachary L'Heureux,21,NSH,LW,45,4,9,13,-6,52,4,0,0,0,8,1,0,56,7.1,116,524:05:00,11:39,0,1,0,15,143,6,27,
455,Adam Larsson,32,SEA,D,57,3,10,13,7,19,3,0,0,1,10,0,0,72,4.2,180,1198:19:00,21:01,0,0,,113,77,20,39,
456,Blake Lizotte,27,PIT,C,38,9,4,13,3,22,7,1,1,0,4,0,0,38,23.7,68,455:43:00,0.5,107,122,46.7,20,40,7,26,
457,Josh Manson,33,COL,D,43,1,12,13,-9,26,1,0,0,0,10,1,1,57,1.8,152,782:53:00,18:12,0,0,,54,94,20,68,
458,Pat Maroon,36,CHI,LW,49,3,10,13,-9,71,3,0,0,1,10,0,0,54,5.6,93,567:17:00,11:35,26,23,53.1,7,82,3,26,
459,K'Andre Miller,25,NYR,D,49,4,9,13,-5,10,4,0,0,1,8,1,0,77,5.2,172,1072:28:00,21:53,0,0,,73,77,39,59,
460,Connor Murphy,31,CHI,D,42,1,12,13,-5,38,1,0,0,0,12,0,0,46,2.2,104,869:57:00,20:43,0,0,,100,72,11,40,
461,Jamie Oleksiak,32,SEA,D,57,4,9,13,-7,14,4,0,0,1,9,0,0,52,7.7,134,1080:51:00,18:58,0,0,,119,44,11,66,
462,Max Pacioretty,36,TOR,LW,37,5,8,13,-2,16,5,0,0,1,8,0,0,70,7.1,130,499:25:00,13:30,6,5,54.5,14,105,5,27,
463,Andrew Peeke,26,BOS,D,51,1,12,13,-2,8,0,0,1,0,11,0,1,49,2,130,915:03:00,17:57,0,0,,81,55,11,68,
464,Dylan Samberg,26,WPG,D,35,4,9,13,21,22,4,0,0,1,9,0,0,51,7.8,133,735:26:00,21:01,0,0,,60,31,20,42,
465,Nate Schmidt,33,FLA,D,55,4,9,13,0,15,4,0,0,0,6,3,0,45,8.9,130,895:19:00,16:17,0,0,,40,57,23,62,
466,Braden Schneider,23,NYR,D,55,3,10,13,6,10,3,0,0,0,9,0,1,72,4.2,154,953:04:00,17:20,0,0,,100,96,11,68,
467,Nick Seeler,31,PHI,D,52,3,10,13,1,24,3,0,0,1,10,0,0,54,5.6,154,858:58:00,16:31,0,0,,130,65,11,47,
468,Kevin Stenlund,28,UTA,C,56,7,6,13,-13,24,6,0,1,0,6,0,0,69,10.1,126,799:51:00,14:17,400,283,58.6,39,36,12,33,
469,Tomáš Tatar,34,NJD,LW,51,5,8,13,2,14,4,1,0,0,6,2,0,48,10.4,89,543:12:00,10:39,5,6,45.5,11,37,3,28,
470,Cameron York,24,PHI,D,43,4,9,13,0,20,4,0,0,1,9,0,0,53,7.5,125,912:58:00,21:14,0,0,,84,29,18,58,
471,Olen Zellweger,21,ANA,D,41,4,9,13,2,12,3,1,0,0,5,4,0,83,4.8,197,775:28:00,18:55,0,0,,44,28,14,41,
472,Philip Tomasino,23,2TM,C,39,7,6,13,-4,2,4,3,0,5,3,3,0,62,11.3,105,500:54:00,12:51,5,7,41.7,14,35,7,18,
473,Philip Tomasino,23,NSH,C,11,0,1,1,0,0,0,0,0,0,1,0,0,17,0,27,124:19:00,11:18,4,4,50,3,10,2,8,
474,Philip Tomasino,23,PIT,C,28,7,5,12,-4,2,4,3,0,5,2,3,0,45,15.6,78,376:35:00,13:27,1,3,25,11,25,5,10,
475,Zach Aston-Reese,30,CBJ,C,55,4,8,12,-10,21,4,0,0,1,8,0,0,70,5.7,135,747:19:00,13:35,2,6,25,40,127,7,26,
476,Oskar Back,24,DAL,C,50,3,9,12,3,4,3,0,0,0,8,0,1,29,10.3,69,589:44:00,11:48,80,61,56.7,26,20,10,38,
477,Zach Bogosian,34,MIN,D,56,4,8,12,1,33,4,0,0,0,8,0,0,60,6.7,146,934:29:00,16:41,0,0,,61,59,19,56,
478,Michael Carcone,28,UTA,F,38,5,7,12,-7,27,5,0,0,0,5,2,0,60,8.3,133,437:32:00,11:31,2,3,40,7,37,3,26,
479,Lawson Crouse,27,UTA,LW,55,8,4,12,-9,24,7,1,0,1,4,0,0,82,9.8,167,779:46:00,14:11,10,14,41.7,34,113,11,44,
480,Justin Danforth,31,CBJ,RW,35,5,7,12,-8,10,4,0,1,0,6,1,0,59,8.5,85,520:40:00,14:53,182,199,47.8,36,76,5,12,
481,Brenden Dillon,34,NJD,D,57,2,10,12,14,56,2,0,0,0,10,0,0,30,6.7,120,1038:04:00,18:13,0,0,,81,136,3,47,
482,Jamie Drysdale,22,PHI,D,45,2,10,12,-22,12,0,2,0,0,5,5,0,40,5,120,884:06:00,19:39,0,0,,63,9,15,45,
483,Conor Geekie,20,TBL,C,49,6,6,12,-3,14,5,1,0,2,5,1,0,54,11.1,116,595:05:00,12:09,71,98,42,22,86,7,28,
484,Radko Gudas,34,ANA,D,53,1,11,12,1,62,1,0,0,0,11,0,0,64,1.6,169,1015:34:00,19:10,0,0,,124,181,5,65,
485,Nils Höglander,24,VAN,LW,51,4,8,12,3,28,4,0,0,1,8,0,0,55,7.3,97,581:14:00,11:24,0,0,,13,56,8,22,
486,Cole Koepke,26,BOS,LW,49,7,5,12,9,8,7,0,0,1,5,0,0,50,14,102,511:54:00,10:27,0,2,0,13,105,6,14,
487,Kevin Labanc,29,CBJ,RW,34,2,10,12,1,12,2,0,0,0,10,0,0,35,5.7,93,356:49:00,10:30,0,3,0,14,29,6,14,
488,Steven Lorentz,28,TOR,C,55,5,7,12,3,4,5,0,0,2,7,0,0,46,10.9,95,574:58:00,10:27,11,16,40.7,37,135,11,18,
489,Olli Määttä,30,2TM,D,53,2,10,12,6,14,2,0,0,0,10,0,0,50,4,120,1067:48:00,20:09,0,0,,102,16,17,75,
490,Olli Määttä,30,DET,D,7,0,0,0,0,0,0,0,0,0,0,0,0,3,0,8,111:06:00,15:52,0,0,,7,3,1,8,
491,Olli Määttä,30,UTA,D,46,2,10,12,6,14,2,0,0,0,10,0,0,47,4.3,112,956:42:00,20:48,0,0,,95,13,16,67,
492,Emil Martinsen Lilleberg,23,TBL,D,50,0,12,12,-8,76,0,0,0,0,12,0,0,32,0,115,789:53:00,15:48,0,0,,46,88,7,42,
493,Brayden McNabb,34,VEG,D,56,3,9,12,30,22,2,0,1,0,8,0,1,71,4.2,172,1145:16:00,20:27,0,0,,123,95,13,55,
494,Nicholas Robertson,23,TOR,LW,47,8,4,12,-3,6,7,1,0,0,4,0,0,72,11.1,142,567:38:00,12:05,2,1,66.7,23,44,12,13,
495,Craig Smith,35,CHI,C,33,7,5,12,-7,24,6,1,0,1,5,0,0,65,10.8,105,386:44:00,11:43,7,12,36.8,18,23,10,21,
496,Yakov Trenin,28,MIN,C,50,6,6,12,5,29,4,0,2,2,6,0,0,54,11.1,115,658:48:00,13:11,9,22,29,22,149,7,33,
497,Jacob Trouba,30,2TM,D,53,0,12,12,-3,43,0,0,0,0,12,0,0,84,0,193,1087:40:00,20:31,0,0,,148,111,19,60,
498,Jacob Trouba,30,NYR,D,24,0,6,6,-3,22,0,0,0,0,6,0,0,46,0,88,480:10:00,20:00,0,0,,68,39,6,23,
499,Jacob Trouba,30,ANA,D,29,0,6,6,0,21,0,0,0,0,6,0,0,38,0,105,607:30:00,20:57,0,0,,80,72,13,37,
